{
  "Timestamp": 1633350310,
  "UTC": "2021-10-04T14:25:10+02:00",
  "Callsign": "BAW874",
  "Latitude": 50.294266,
  "Longitude": 7.892954,
  "Altitude": 34950,
  "Speed": 459,
  "Direction": 104
}
  